{
	"NumTiles": 72,
	"Vertices": [
		[ -988, -988, 9.5845940402157908 ],
		[ -988, -1292, 9.5845940402157908 ],
		[ -1197, -1292, 9.5845940402157908 ],
		[ -1197, -988, 9.5845940402157908 ],
		[ -988, 1482, 9.5845940402157908 ],
		[ -988, 1083, 9.5845940402157908 ],
		[ -988, 988, 9.5845940402157908 ],
		[ -1197, 988, 9.5845940402157908 ],
		[ -1197, 1482, 9.5845940402157908 ],
		[ 817, -988, 9.5845940402157908 ],
		[ 817, -1292, 9.5845940402157908 ],
		[ -0, -1292, 9.5845940402157908 ],
		[ -0, -988, 9.5845940402157908 ],
		[ -0, -988, 9.5845940402157908 ],
		[ -0, -1292, 9.5845940402157908 ],
		[ -988, -1292, 9.5845940402157908 ],
		[ -988, -988, 9.5845940402157908 ],
		[ 817, 1482, 9.5845940402157908 ],
		[ 817, 988, 9.5845940402157908 ],
		[ 703, 988, 9.5845940402157908 ],
		[ 684, 1102, 9.5845940402157908 ],
		[ -0, 1102, 9.5845940402157908 ],
		[ -0, 1482, 9.5845940402157908 ],
		[ 513, 988, 9.5845940402157908 ],
		[ -0, 988, 9.5845940402157908 ],
		[ -0, 1007, 9.5845940402157908 ],
		[ -1007, -0, 9.5845940402157908 ],
		[ -988, -703, 9.5845940402157908 ],
		[ -988, -988, 9.5845940402157908 ],
		[ -1197, -988, 9.5845940402157908 ],
		[ -1197, -0, 9.5845940402157908 ],
		[ -0, 1482, 9.5845940402157908 ],
		[ -0, 1102, 9.5845940402157908 ],
		[ -437, 1102, 9.5845940402157908 ],
		[ -456, 988, 9.5845940402157908 ],
		[ -665, 988, 9.5845940402157908 ],
		[ -684, 1121, 9.5845940402157908 ],
		[ -893, 1121, 9.5845940402157908 ],
		[ -988, 1083, 9.5845940402157908 ],
		[ -988, 1482, 9.5845940402157908 ],
		[ -0, 988, 9.5845940402157908 ],
		[ -57, 988, 9.5845940402157908 ],
		[ -0, 1007, 9.5845940402157908 ],
		[ -988, 988, 9.5845940402157908 ],
		[ -1007, -0, 9.5845940402157908 ],
		[ -1197, -0, 9.5845940402157908 ],
		[ -1197, 988, 9.5845940402157908 ],
		[ 817, -0, 9.5845940402157908 ],
		[ 817, -988, 9.5845940402157908 ],
		[ -0, -988, 9.5845940402157908 ],
		[ -0, -703, 9.5845940402157908 ],
		[ 703, -684, 9.5845940402157908 ],
		[ 703, -0, 9.5845940402157908 ],
		[ 475, -0, 9.5845940402157908 ],
		[ 475, -456, 9.5845940402157908 ],
		[ -0, -456, 9.5845940402157908 ],
		[ -0, -380, 9.5845940402157908 ],
		[ 304, -399, 9.5845940402157908 ],
		[ 361, -361, 9.5845940402157908 ],
		[ 380, -95, 9.5845940402157908 ],
		[ 323, -57, 9.5845940402157908 ],
		[ -0, -57, 9.5845940402157908 ],
		[ -0, -0, 9.5845940402157908 ],
		[ 817, 988, 9.5845940402157908 ],
		[ 817, -0, 9.5845940402157908 ],
		[ 703, -0, 9.5845940402157908 ],
		[ 703, 988, 9.5845940402157908 ],
		[ -0, 969, 9.5845940402157908 ],
		[ -0, 988, 9.5845940402157908 ],
		[ 513, 988, 9.5845940402157908 ],
		[ 475, 684, 9.5845940402157908 ],
		[ 475, 228, 9.5845940402157908 ],
		[ 532, 209, 9.5845940402157908 ],
		[ 494, 171, 9.5845940402157908 ],
		[ 475, -0, 9.5845940402157908 ],
		[ -0, -0, 9.5845940402157908 ],
		[ -0, 247, 9.5845940402157908 ],
		[ 361, 266, 9.5845940402157908 ],
		[ 380, 532, 9.5845940402157908 ],
		[ 323, 589, 9.5845940402157908 ],
		[ -0, 570, 9.5845940402157908 ],
		[ -0, 684, 9.5845940402157908 ],
		[ -0, -0, 9.5845940402157908 ],
		[ -0, -57, 9.5845940402157908 ],
		[ -57, -95, 9.5845940402157908 ],
		[ -57, -342, 9.5845940402157908 ],
		[ -0, -380, 9.5845940402157908 ],
		[ -0, -456, 9.5845940402157908 ],
		[ -456, -456, 9.5845940402157908 ],
		[ -494, -494, 9.5845940402157908 ],
		[ -494, -380, 9.5845940402157908 ],
		[ -190, -399, 9.5845940402157908 ],
		[ -133, -361, 9.5845940402157908 ],
		[ -114, -95, 9.5845940402157908 ],
		[ -171, -38, 9.5845940402157908 ],
		[ -304, -38, 9.5845940402157908 ],
		[ -323, -76, 9.5845940402157908 ],
		[ -361, -38, 9.5845940402157908 ],
		[ -494, -38, 9.5845940402157908 ],
		[ -494, -0, 9.5845940402157908 ],
		[ -551, -95, 9.5845940402157908 ],
		[ -551, -342, 9.5845940402157908 ],
		[ -494, -608, 9.5845940402157908 ],
		[ -589, -589, 9.5845940402157908 ],
		[ -608, -684, 9.5845940402157908 ],
		[ -893, -684, 9.5845940402157908 ],
		[ -893, -475, 9.5845940402157908 ],
		[ -817, -475, 9.5845940402157908 ],
		[ -779, -418, 9.5845940402157908 ],
		[ -779, -0, 9.5845940402157908 ],
		[ -0, -703, 9.5845940402157908 ],
		[ -0, -988, 9.5845940402157908 ],
		[ -988, -988, 9.5845940402157908 ],
		[ -988, -703, 9.5845940402157908 ],
		[ -0, 969, 9.5845940402157908 ],
		[ -57, 988, 9.5845940402157908 ],
		[ -0, 988, 9.5845940402157908 ],
		[ -171, 988, 9.5845940402157908 ],
		[ -171, 912, 9.5845940402157908 ],
		[ -361, 912, 9.5845940402157908 ],
		[ -361, 988, 9.5845940402157908 ],
		[ -456, 988, 9.5845940402157908 ],
		[ -418, 703, 9.5845940402157908 ],
		[ -285, 684, 9.5845940402157908 ],
		[ -304, 589, 9.5845940402157908 ],
		[ -323, 551, 9.5845940402157908 ],
		[ -361, 589, 9.5845940402157908 ],
		[ -494, 589, 9.5845940402157908 ],
		[ -551, 513, 9.5845940402157908 ],
		[ -779, 513, 9.5845940402157908 ],
		[ -817, 969, 9.5845940402157908 ],
		[ -665, 988, 9.5845940402157908 ],
		[ -0, 684, 9.5845940402157908 ],
		[ -0, 570, 9.5845940402157908 ],
		[ -57, 532, 9.5845940402157908 ],
		[ -57, 285, 9.5845940402157908 ],
		[ -0, 247, 9.5845940402157908 ],
		[ -0, -0, 9.5845940402157908 ],
		[ -779, -0, 9.5845940402157908 ],
		[ -817, 209, 9.5845940402157908 ],
		[ -779, 228, 9.5845940402157908 ],
		[ -532, 266, 9.5845940402157908 ],
		[ -171, 247, 9.5845940402157908 ],
		[ -114, 285, 9.5845940402157908 ],
		[ -114, 532, 9.5845940402157908 ],
		[ -171, 589, 9.5845940402157908 ]
	],
	"Triangles": [
		{
			"IndexA": 2,
			"IndexB": 3,
			"IndexC": 1,
			"AreaID": 63
		},
		{
			"IndexA": 3,
			"IndexB": 0,
			"IndexC": 1,
			"AreaID": 63
		},
		{
			"IndexA": 6,
			"IndexB": 7,
			"IndexC": 5,
			"AreaID": 63
		},
		{
			"IndexA": 8,
			"IndexB": 4,
			"IndexC": 5,
			"AreaID": 63
		},
		{
			"IndexA": 5,
			"IndexB": 7,
			"IndexC": 8,
			"AreaID": 63
		},
		{
			"IndexA": 11,
			"IndexB": 12,
			"IndexC": 10,
			"AreaID": 63
		},
		{
			"IndexA": 12,
			"IndexB": 9,
			"IndexC": 10,
			"AreaID": 63
		},
		{
			"IndexA": 15,
			"IndexB": 16,
			"IndexC": 14,
			"AreaID": 63
		},
		{
			"IndexA": 16,
			"IndexB": 13,
			"IndexC": 14,
			"AreaID": 63
		},
		{
			"IndexA": 20,
			"IndexB": 17,
			"IndexC": 18,
			"AreaID": 63
		},
		{
			"IndexA": 18,
			"IndexB": 19,
			"IndexC": 20,
			"AreaID": 63
		},
		{
			"IndexA": 22,
			"IndexB": 17,
			"IndexC": 20,
			"AreaID": 63
		},
		{
			"IndexA": 20,
			"IndexB": 21,
			"IndexC": 22,
			"AreaID": 63
		},
		{
			"IndexA": 24,
			"IndexB": 25,
			"IndexC": 23,
			"AreaID": 63
		},
		{
			"IndexA": 30,
			"IndexB": 26,
			"IndexC": 27,
			"AreaID": 63
		},
		{
			"IndexA": 27,
			"IndexB": 28,
			"IndexC": 29,
			"AreaID": 63
		},
		{
			"IndexA": 29,
			"IndexB": 30,
			"IndexC": 27,
			"AreaID": 63
		},
		{
			"IndexA": 35,
			"IndexB": 36,
			"IndexC": 33,
			"AreaID": 63
		},
		{
			"IndexA": 33,
			"IndexB": 34,
			"IndexC": 35,
			"AreaID": 63
		},
		{
			"IndexA": 36,
			"IndexB": 39,
			"IndexC": 33,
			"AreaID": 63
		},
		{
			"IndexA": 39,
			"IndexB": 31,
			"IndexC": 33,
			"AreaID": 63
		},
		{
			"IndexA": 31,
			"IndexB": 32,
			"IndexC": 33,
			"AreaID": 63
		},
		{
			"IndexA": 38,
			"IndexB": 39,
			"IndexC": 37,
			"AreaID": 63
		},
		{
			"IndexA": 37,
			"IndexB": 39,
			"IndexC": 36,
			"AreaID": 63
		},
		{
			"IndexA": 41,
			"IndexB": 42,
			"IndexC": 40,
			"AreaID": 63
		},
		{
			"IndexA": 46,
			"IndexB": 43,
			"IndexC": 44,
			"AreaID": 63
		},
		{
			"IndexA": 44,
			"IndexB": 45,
			"IndexC": 46,
			"AreaID": 63
		},
		{
			"IndexA": 47,
			"IndexB": 48,
			"IndexC": 51,
			"AreaID": 63
		},
		{
			"IndexA": 51,
			"IndexB": 52,
			"IndexC": 47,
			"AreaID": 63
		},
		{
			"IndexA": 51,
			"IndexB": 48,
			"IndexC": 49,
			"AreaID": 63
		},
		{
			"IndexA": 49,
			"IndexB": 50,
			"IndexC": 51,
			"AreaID": 63
		},
		{
			"IndexA": 57,
			"IndexB": 54,
			"IndexC": 55,
			"AreaID": 63
		},
		{
			"IndexA": 55,
			"IndexB": 56,
			"IndexC": 57,
			"AreaID": 63
		},
		{
			"IndexA": 60,
			"IndexB": 53,
			"IndexC": 59,
			"AreaID": 63
		},
		{
			"IndexA": 57,